track,fold,feature_set,model,accuracy,precision,recall,f1,error_rate,roc_auc
binary,1,original,KNN,0.9295774647887324,0.9979959919839679,0.6492829204693612,0.7867298578199052,0.07042253521126762,0.9160300443506579
binary,1,original,SVM,0.9731351069379238,0.9560439560439561,0.9074315514993481,0.9311036789297659,0.02686489306207618,0.9965241718100195
binary,1,original,DecisionTree,0.9410537297861241,0.9079939668174962,0.7848761408083442,0.8419580419580419,0.058946270213875884,0.8451801551529105
binary,1,original,LogisticRegression,0.8215962441314554,0.9770114942528736,0.11082138200782268,0.1990632318501171,0.17840375586854462,0.5214643496462532
binary,1,original,LDA_Classifier,0.8242044861763171,0.9428571428571428,0.1290743155149935,0.22706422018348624,0.17579551382368286,0.5221895698373016
binary,1,original,MLP_ANN,0.9752217005738133,0.9565217391304348,0.9178617992177314,0.9367930805056554,0.0247782994261867,0.9886638646924468
binary,1,pca,KNN,0.9311424100156495,0.9960552268244576,0.6584093872229465,0.792778649921507,0.06885758998435054,0.9178915562009514
binary,1,pca,SVM,0.97339593114241,0.9561042524005487,0.9087353324641461,0.9318181818181818,0.026604068857590035,0.9963968544318137
binary,1,pca,DecisionTree,0.9475743348982786,0.8985915492957747,0.8318122555410691,0.8639133378469871,0.05242566510172142,0.8572506502963583
binary,1,pca,LogisticRegression,0.8101199791340636,0.975609756097561,0.05215123859191656,0.09900990099009901,0.18988002086593636,0.5177685323303246
binary,1,pca,LDA_Classifier,0.812206572769953,0.9795918367346939,0.06258148631029987,0.11764705882352941,0.187793427230047,0.5161782341270937
binary,1,pca,MLP_ANN,0.9700052164840898,0.9465753424657535,0.9009126466753585,0.9231796927187709,0.02999478351591023,0.9886868200795021
binary,1,lda_reduction,KNN,0.8427230046948356,0.6822222222222222,0.4002607561929596,0.504519309778143,0.15727699530516437,0.727478746074735
binary,1,lda_reduction,SVM,0.8534167970787689,0.8193146417445483,0.3428943937418514,0.4834558823529412,0.14658320292123106,0.7171764533841978
binary,1,lda_reduction,DecisionTree,0.8390714658320292,0.6875,0.35853976531942633,0.4712939160239931,0.16092853416797082,0.6706607623143961
binary,1,lda_reduction,LogisticRegression,0.8221178925404278,0.9381443298969072,0.11864406779661017,0.21064814814814814,0.17788210745957223,0.5221895698373016
binary,1,lda_reduction,LDA_Classifier,0.8242044861763171,0.9428571428571428,0.1290743155149935,0.22706422018348624,0.17579551382368286,0.5221895698373016
binary,1,lda_reduction,MLP_ANN,0.8570683359415754,0.8050139275766016,0.3767926988265971,0.5133214920071048,0.1429316640584246,0.794381796548105
binary,1,svd,KNN,0.9327073552425665,0.9922630560928434,0.6688396349413298,0.7990654205607477,0.06729264475743346,0.9306322211164906
binary,1,svd,SVM,0.9731351069379238,0.9547945205479452,0.9087353324641461,0.9311957247828991,0.02686489306207618,0.9961736770576635
binary,1,svd,DecisionTree,0.9530516431924883,0.9048275862068965,0.8552803129074316,0.8793565683646113,0.04694835680751175,0.8807269971080463
binary,1,svd,LogisticRegression,0.8069900886802295,0.9655172413793104,0.03650586701434159,0.07035175879396985,0.19300991131977052,0.524129725143248
binary,1,svd,LDA_Classifier,0.809076682316119,0.972972972972973,0.0469361147327249,0.08955223880597014,0.19092331768388104,0.5224378280973088
binary,1,svd,MLP_ANN,0.9692227438706312,0.9344042838018741,0.910039113428944,0.9220607661822986,0.03077725612936877,0.992614741864547
binary,1,filter_kbest,KNN,0.9402712571726656,0.9702797202797203,0.7235984354628422,0.8289768483943242,0.059728742827334425,0.9382920936970883
binary,1,filter_kbest,SVM,0.9616588419405321,0.9403409090909091,0.863102998696219,0.9000679809653297,0.03834115805946792,0.9866318878382785
binary,1,filter_kbest,DecisionTree,0.936358894105373,0.900459418070444,0.7666232073011734,0.828169014084507,0.06364110589462701,0.8498556148664188
binary,1,filter_kbest,LogisticRegression,0.8075117370892019,0.967741935483871,0.03911342894393742,0.07518796992481203,0.19248826291079812,0.5200615204373087
binary,1,filter_kbest,LDA_Classifier,0.8095983307250912,0.9512195121951219,0.05084745762711865,0.09653465346534654,0.19040166927490876,0.5242385506818813
binary,1,filter_kbest,MLP_ANN,0.9577464788732394,0.894393741851369,0.894393741851369,0.894393741851369,0.04225352112676062,0.9800713232377808
binary,1,wrapper_sfs,KNN,0.9402712571726656,0.9637931034482758,0.7288135593220338,0.829992576095026,0.059728742827334425,0.9408469432564087
binary,1,wrapper_sfs,SVM,0.9572248304642671,0.9313304721030042,0.848761408083442,0.888130968622101,0.042775169535732904,0.9880755266242105
binary,1,wrapper_sfs,DecisionTree,0.9381846635367762,0.8885630498533724,0.7900912646675359,0.8364389233954451,0.06181533646322379,0.8609026823369774
binary,1,wrapper_sfs,LogisticRegression,0.8004694835680751,1.0,0.002607561929595828,0.005201560468140442,0.19953051643192488,0.5209032179626754
binary,1,wrapper_sfs,LDA_Classifier,0.8007303077725613,1.0,0.003911342894393742,0.007792207792207792,0.19926969222743873,0.5203603655687898
binary,1,wrapper_sfs,MLP_ANN,0.9538341158059468,0.9041095890410958,0.8604954367666232,0.8817635270541082,0.04616588419405321,0.9847941815745611
binary,1,embedded_l1,KNN,0.9277516953573292,0.9939516129032258,0.6427640156453716,0.7806809184481394,0.07224830464267085,0.9172706980010534
binary,1,embedded_l1,SVM,0.9715701617110067,0.9544198895027625,0.9009126466753585,0.9268947015425889,0.02842983828899326,0.996449141702329
binary,1,embedded_l1,DecisionTree,0.9366197183098591,0.896969696969697,0.771838331160365,0.8297126839523475,0.06338028169014087,0.8337432712021693
binary,1,embedded_l1,LogisticRegression,0.8182055294731351,0.972972972972973,0.0938722294654498,0.17122473246135553,0.18179447052686493,0.5249641959726898
binary,1,embedded_l1,LDA_Classifier,0.8229003651538863,0.9489795918367347,0.121251629726206,0.21502890173410405,0.17709963484611368,0.5222979702761745
binary,1,embedded_l1,MLP_ANN,0.97339593114241,0.9536152796725784,0.9113428943937418,0.932,0.026604068857590035,0.9892530529602034
binary,1,ga_selection,KNN,0.9358372456964006,0.9905838041431262,0.6857887874837028,0.810477657935285,0.06416275430359941,0.9283853563334976
binary,1,ga_selection,SVM,0.9650495565988524,0.9464033850493653,0.8748370273794003,0.9092140921409214,0.03495044340114761,0.9935833316683593
binary,1,ga_selection,DecisionTree,0.9347939488784559,0.8818316100443131,0.7783572359843546,0.8268698060941828,0.0652060511215441,0.8401669536798548
binary,1,ga_selection,LogisticRegression,0.804642670839854,0.95,0.024771838331160364,0.048284625158831,0.19535732916014603,0.4980460289518443
binary,1,ga_selection,LDA_Classifier,0.8056859676577987,0.9583333333333334,0.02998696219035202,0.05815423514538559,0.19431403234220135,0.4998892615124455
binary,1,ga_selection,MLP_ANN,0.9637454355764214,0.9243243243243243,0.8917861799217731,0.9077637690776377,0.03625456442357855,0.990578514012776
binary,2,original,KNN,0.9227758935559613,0.9855371900826446,0.6227154046997389,0.7632,0.07722410644403865,0.9067984295043422
binary,2,original,SVM,0.967910253065484,0.9459084604715673,0.8903394255874674,0.9172831203765972,0.03208974693451605,0.9935343047909141
binary,2,original,DecisionTree,0.9287764153404644,0.8651851851851852,0.762402088772846,0.8105482303955587,0.0712235846595356,0.8169757061824645
binary,2,original,LogisticRegression,0.8160709626924081,0.9692307692307692,0.08224543080939947,0.15162454873646208,0.1839290373075919,0.5566269757828004
binary,2,original,LDA_Classifier,0.8236368379859118,0.9411764705882353,0.12532637075718014,0.22119815668202766,0.1763631620140882,0.5489545494402215
binary,2,original,MLP_ANN,0.9681711453169841,0.9497206703910615,0.8877284595300261,0.9176788124156545,0.031828854683015884,0.988367282135016
binary,2,pca,KNN,0.9272110618314636,0.9879759519038076,0.643603133159269,0.7794466403162056,0.07278893816853638,0.9143776374630638
binary,2,pca,SVM,0.9684320375684842,0.946058091286307,0.8929503916449086,0.9187374076561451,0.03156796243151583,0.9934217191172603
binary,2,pca,DecisionTree,0.951995825723976,0.9121813031161473,0.8407310704960835,0.875,0.04800417427602399,0.8661671324748162
binary,2,pca,LogisticRegression,0.8053743803809027,1.0,0.02610966057441253,0.05089058524173028,0.1946256196190973,0.5158641514445444
binary,2,pca,LDA_Classifier,0.8069397338899035,1.0,0.033942558746736295,0.06565656565656566,0.19306026611009652,0.5169972443113375
binary,2,pca,MLP_ANN,0.9684320375684842,0.9399727148703957,0.8994778067885117,0.9192795196797865,0.03156796243151583,0.9882446935754231
binary,2,lda_reduction,KNN,0.835898773806418,0.6383838383838384,0.412532637075718,0.5011895321173672,0.16410122619358203,0.7334894918619075
binary,2,lda_reduction,SVM,0.8489433863814245,0.7575757575757576,0.35900783289817234,0.4871567759078831,0.15105661361857547,0.7135086207850606
binary,2,lda_reduction,DecisionTree,0.8351160970519176,0.6650246305418719,0.3524804177545692,0.46075085324232085,0.16488390294808242,0.6986892388527413
binary,2,lda_reduction,LogisticRegression,0.8205061309679103,0.9431818181818182,0.10835509138381201,0.19437939110070257,0.17949386903208975,0.5489545494402215
binary,2,lda_reduction,LDA_Classifier,0.8236368379859118,0.9411764705882353,0.12532637075718014,0.22119815668202766,0.1763631620140882,0.5489545494402215
binary,2,lda_reduction,MLP_ANN,0.8531176624054265,0.7481662591687042,0.39947780678851175,0.5208510638297872,0.14688233759457348,0.7921579076857068
binary,2,svd,KNN,0.9324289068614662,0.9884393063583815,0.6697127937336814,0.798443579766537,0.06757109313853382,0.9242264363931383
binary,2,svd,SVM,0.969997391077485,0.9465020576131687,0.9007832898172323,0.9230769230769231,0.03000260892251505,0.9933887308763976
binary,2,svd,DecisionTree,0.9512131489694756,0.9118065433854907,0.8368146214099217,0.8727025187202179,0.04878685103052438,0.8648601596545726
binary,2,svd,LogisticRegression,0.8043308113749021,1.0,0.020887728459530026,0.04092071611253197,0.19566918862509786,0.5123120627993949
binary,2,svd,LDA_Classifier,0.8058961648839029,1.0,0.028720626631853787,0.05583756345177665,0.19410383511609708,0.5115939832853904
binary,2,svd,MLP_ANN,0.9673884685624837,0.9348710990502035,0.8994778067885117,0.916833000665336,0.03261153143751627,0.9904959813937808
binary,2,filter_kbest,KNN,0.9337333681189669,0.9688644688644689,0.6906005221932114,0.8064024390243902,0.0662666318810331,0.9281837483324976
binary,2,filter_kbest,SVM,0.9493869032089747,0.9132947976878613,0.825065274151436,0.8669410150891632,0.050613096791025325,0.9827784356507963
binary,2,filter_kbest,DecisionTree,0.9324289068614662,0.8777943368107303,0.7689295039164491,0.8197633959638135,0.06757109313853382,0.8505326217521482
binary,2,filter_kbest,LogisticRegression,0.8027654578659014,1.0,0.013054830287206266,0.02577319587628866,0.19723454213409863,0.5210775704650108
binary,2,filter_kbest,LDA_Classifier,0.8035481346204018,1.0,0.016971279373368148,0.03337612323491656,0.19645186537959825,0.5204927208786194
binary,2,filter_kbest,MLP_ANN,0.9483433342029741,0.8806970509383378,0.8577023498694517,0.8690476190476191,0.05165666579702588,0.9706355706029228
binary,2,wrapper_sfs,KNN,0.9386903208974694,0.9417637271214643,0.7389033942558747,0.8280907095830286,0.0613096791025306,0.9407714225636162
binary,2,wrapper_sfs,SVM,0.954082963735977,0.9287790697674418,0.8342036553524804,0.8789546079779917,0.04591703626402299,0.981142644558728
binary,2,wrapper_sfs,DecisionTree,0.9321680146099661,0.8787425149700598,0.7663185378590078,0.8186889818688982,0.06783198539003388,0.8565620208724049
binary,2,wrapper_sfs,LogisticRegression,0.8006783198539004,1.0,0.0026109660574412533,0.005208333333333333,0.19932168014609963,0.5183112404344743
binary,2,wrapper_sfs,LDA_Classifier,0.8009392121054004,1.0,0.0039164490861618795,0.007802340702210663,0.19906078789459958,0.5178162039941736
binary,2,wrapper_sfs,MLP_ANN,0.9527785024784764,0.903448275862069,0.8550913838120104,0.8786049631120053,0.0472214975215236,0.9800938313266551
binary,2,embedded_l1,KNN,0.9272110618314636,0.9860279441117764,0.6449086161879896,0.7797947908445146,0.07278893816853638,0.9061210000161748
binary,2,embedded_l1,SVM,0.966084007304983,0.9441340782122905,0.8825065274151436,0.9122807017543859,0.033915992695016994,0.9930558688847252
binary,2,embedded_l1,DecisionTree,0.9350378293764675,0.893455098934551,0.7663185378590078,0.8250175685172172,0.06496217062353249,0.8467615337531424
binary,2,embedded_l1,LogisticRegression,0.8134620401774068,1.0,0.06657963446475196,0.12484700122399021,0.18653795982259325,0.5436091774563044
binary,2,embedded_l1,LDA_Classifier,0.8184189929559093,0.972972972972973,0.09399477806788512,0.17142857142857143,0.18158100704409075,0.5428042643792549
binary,2,embedded_l1,MLP_ANN,0.9697364988259849,0.9476584022038568,0.8981723237597912,0.9222520107238605,0.030263501174015106,0.9903538127170307
binary,2,ga_selection,KNN,0.9347769371249673,0.9867924528301887,0.6827676240208878,0.8070987654320988,0.06522306287503266,0.922837525039139
binary,2,ga_selection,SVM,0.9673884685624837,0.9495091164095372,0.8838120104438643,0.9154834347532116,0.03261153143751627,0.9914613663005752
binary,2,ga_selection,DecisionTree,0.9308635533524654,0.8859784283513097,0.7506527415143603,0.8127208480565371,0.0691364466475346,0.8178387211289044
binary,2,ga_selection,LogisticRegression,0.8040699191234021,1.0,0.0195822454308094,0.03841229193341869,0.1959300808765979,0.518184820982394
binary,2,ga_selection,LDA_Classifier,0.8048525958779025,1.0,0.02349869451697128,0.04591836734693878,0.19514740412209752,0.515787107940078
binary,2,ga_selection,MLP_ANN,0.9673884685624837,0.9313593539703903,0.9033942558746736,0.9171636845593109,0.03261153143751627,0.9892990403188665
binary,3,original,KNN,0.9123402034959561,0.9908883826879271,0.5671447196870926,0.7213930348258707,0.08765979650404387,0.9072999402114795
binary,3,original,SVM,0.9710409600834855,0.9619718309859155,0.8904823989569752,0.9248476641841571,0.028959039916514495,0.993841697347618
binary,3,original,DecisionTree,0.933994260370467,0.873546511627907,0.7835723598435462,0.8261168384879725,0.06600573962953304,0.8492767970362585
binary,3,original,LogisticRegression,0.8207670232194104,0.9761904761904762,0.10691003911342895,0.1927144535840188,0.17923297678058958,0.5436443442015766
binary,3,original,LDA_Classifier,0.8257239759979128,0.9380530973451328,0.13820078226857888,0.2409090909090909,0.1742760240020872,0.5326778708482911
binary,3,original,MLP_ANN,0.9710409600834855,0.9517906336088154,0.9009126466753585,0.9256530475552579,0.028959039916514495,0.9861572140420527
binary,3,pca,KNN,0.915992695016958,0.989010989010989,0.5867014341590613,0.7364975450081833,0.08400730498304199,0.9137367740223555
binary,3,pca,SVM,0.9718236368379859,0.9608391608391609,0.8956975228161669,0.9271255060728745,0.028176363162014106,0.9935019318580962
binary,3,pca,DecisionTree,0.9483433342029741,0.8808567603748326,0.8578878748370273,0.869220607661823,0.05165666579702588,0.8831810554587429
binary,3,pca,LogisticRegression,0.8087659796504044,1.0,0.04432855280312908,0.08489388264669163,0.19123402034959558,0.5258451400777846
binary,3,pca,LDA_Classifier,0.8095486564049048,0.9743589743589743,0.04954367666232073,0.09429280397022333,0.1904513435950952,0.5246315096558886
binary,3,pca,MLP_ANN,0.9723454213409862,0.9412550066755674,0.9191655801825294,0.9300791556728232,0.027654578659013773,0.9876315156092264
binary,3,lda_reduction,KNN,0.8447691103574224,0.6541218637992832,0.4758800521512386,0.5509433962264151,0.15523088964257759,0.7552317081571783
binary,3,lda_reduction,SVM,0.8546830159144273,0.772020725388601,0.38852672750977835,0.5169124024284475,0.1453169840855727,0.7350569096563989
binary,3,lda_reduction,DecisionTree,0.8463344638664232,0.6995515695067265,0.4067796610169492,0.5144270403957131,0.1536655361335768,0.7095009316973561
binary,3,lda_reduction,LogisticRegression,0.8252021914949126,0.944954128440367,0.13428943937418514,0.23515981735159816,0.17479780850508742,0.5326778708482911
binary,3,lda_reduction,LDA_Classifier,0.8257239759979128,0.9380530973451328,0.13820078226857888,0.2409090909090909,0.1742760240020872,0.5326778708482911
binary,3,lda_reduction,MLP_ANN,0.8531176624054265,0.7207792207792207,0.43415906127770537,0.5419039869812856,0.14688233759457348,0.8038762182017348
binary,3,svd,KNN,0.9206887555439603,0.9873684210526316,0.6114732724902217,0.7552334943639292,0.07931124445603965,0.9265449549289809
binary,3,svd,SVM,0.9726063135924863,0.9610027855153204,0.8996088657105606,0.9292929292929293,0.027393686407513718,0.993865935936983
binary,3,svd,DecisionTree,0.9467779806939733,0.8970380818053597,0.8292046936114733,0.8617886178861789,0.05322201930602666,0.8728645590150118
binary,3,svd,LogisticRegression,0.8066788416384033,1.0,0.03389830508474576,0.06557377049180328,0.1933211583615967,0.5362928225709744
binary,3,svd,LDA_Classifier,0.8069397338899035,0.9655172413793104,0.03650586701434159,0.07035175879396985,0.19306026611009652,0.5347811000237283
binary,3,svd,MLP_ANN,0.9702582833289851,0.9394347240915208,0.910039113428944,0.9245033112582781,0.029741716671014884,0.9834018817650114
binary,3,filter_kbest,KNN,0.9269501695799635,0.9534450651769087,0.6675358539765319,0.7852760736196319,0.07304983042003654,0.9293104929278599
binary,3,filter_kbest,SVM,0.9501695799634751,0.9311377245508982,0.8109517601043025,0.8668989547038327,0.049830420036524936,0.9756389419728172
binary,3,filter_kbest,DecisionTree,0.9259066005739629,0.8631578947368421,0.7483702737940026,0.8016759776536313,0.0740933994260371,0.8300604859114261
binary,3,filter_kbest,LogisticRegression,0.8038090268719019,1.0,0.01955671447196871,0.03836317135549872,0.19619097312809808,0.5057981257191845
binary,3,filter_kbest,LDA_Classifier,0.8043308113749021,1.0,0.02216427640156454,0.04336734693877551,0.19566918862509786,0.504800091171115
binary,3,filter_kbest,MLP_ANN,0.9366031828854683,0.861878453038674,0.8135593220338984,0.8370221327967807,0.06339681711453171,0.9640456672033175
binary,3,wrapper_sfs,KNN,0.9321680146099661,0.9439579684763573,0.7027379400260756,0.8056801195814649,0.06783198539003388,0.9200113793798493
binary,3,wrapper_sfs,SVM,0.9428645969214714,0.9241486068111455,0.7783572359843546,0.8450106157112527,0.0571354030785286,0.9767598704213517
binary,3,wrapper_sfs,DecisionTree,0.9287764153404644,0.8611111111111112,0.7679269882659713,0.8118538938662991,0.0712235846595356,0.8539688776512552
binary,3,wrapper_sfs,LogisticRegression,0.7998956430994,0.0,0.0,0.0,0.20010435690060002,0.5017779217918527
binary,3,wrapper_sfs,LDA_Classifier,0.8001565353509,1.0,0.001303780964797914,0.0026041666666666665,0.19984346464909997,0.5020419948444095
binary,3,wrapper_sfs,MLP_ANN,0.942081920166971,0.9085457271364318,0.7900912646675359,0.8451882845188284,0.05791807983302899,0.9736768919494715
binary,3,embedded_l1,KNN,0.915992695016958,0.9847494553376906,0.5893089960886571,0.7373572593800979,0.08400730498304199,0.908367288620365
binary,3,embedded_l1,SVM,0.9673884685624837,0.9572649572649573,0.8761408083441982,0.9149081007488087,0.03261153143751627,0.9941965588006916
binary,3,embedded_l1,DecisionTree,0.9269501695799635,0.8607407407407407,0.757496740547588,0.8058252427184466,0.07304983042003654,0.807466080858233
binary,3,embedded_l1,LogisticRegression,0.8163318549439081,0.9701492537313433,0.0847457627118644,0.15587529976019185,0.18366814505609186,0.5387570791564291
binary,3,embedded_l1,LDA_Classifier,0.8215496999739108,0.9278350515463918,0.11734028683181226,0.20833333333333334,0.1784503000260892,0.5324439897228381
binary,3,embedded_l1,MLP_ANN,0.9637359770414818,0.9672619047619048,0.847457627118644,0.9034051424600417,0.03626402295851816,0.9731194043940735
binary,3,ga_selection,KNN,0.9209496477954605,0.9813278008298755,0.6166883963494133,0.7574059247397918,0.07905035220453949,0.9225887493823413
binary,3,ga_selection,SVM,0.9637359770414818,0.9485714285714286,0.8657105606258149,0.9052488070892979,0.03626402295851816,0.9924796587206617
binary,3,ga_selection,DecisionTree,0.9324289068614662,0.8577464788732394,0.7940026075619296,0.8246445497630331,0.06757109313853382,0.845492387807224
binary,3,ga_selection,LogisticRegression,0.8035481346204018,1.0,0.018252933507170794,0.03585147247119078,0.19645186537959825,0.5268597589238406
binary,3,ga_selection,LDA_Classifier,0.8058961648839029,1.0,0.02998696219035202,0.05822784810126582,0.19410383511609708,0.5268610346390704
binary,3,ga_selection,MLP_ANN,0.9673884685624837,0.9257294429708223,0.910039113428944,0.9178172255095332,0.03261153143751627,0.9903358192770777
multiclass,1,original,KNN,0.44835680751173707,0.5508065122165717,0.44826100129016444,0.438456204644406,0.551643192488263,
multiclass,1,original,SVM,0.5479916536254564,0.5960817582326652,0.5480744550842351,0.5293224731655178,0.45200834637454357,
multiclass,1,original,DecisionTree,0.3933229003651539,0.4260573627408709,0.39345624504273885,0.3380409979265369,0.6066770996348461,
multiclass,1,original,LogisticRegression,0.261867501304121,0.26800848757410267,0.2618638961604842,0.2615032512067162,0.738132498695879,
multiclass,1,original,LDA_Classifier,0.260302556077204,0.27307502418602747,0.26030003982829575,0.26213237573741777,0.739697443922796,
multiclass,1,original,MLP_ANN,0.6763171622326551,0.6783970704862619,0.6763035256552095,0.6770999174885363,0.32368283776734486,
multiclass,1,pca,KNN,0.48043818466353677,0.5782752925381748,0.4803605652213874,0.4831911280002661,0.5195618153364632,
multiclass,1,pca,SVM,0.5537297861241524,0.6030250803497872,0.5538134742188378,0.5347695284533044,0.44627021387584764,
multiclass,1,pca,DecisionTree,0.4919144496609285,0.4923858041515586,0.4918879633443513,0.46690258988357547,0.5080855503390715,
multiclass,1,pca,LogisticRegression,0.27021387584767864,0.2694503860046441,0.2702227320849262,0.26096603017316505,0.7297861241523214,
multiclass,1,pca,LDA_Classifier,0.27073552425665104,0.27144237611033795,0.2707473081859062,0.26149842012679264,0.729264475743349,
multiclass,1,pca,MLP_ANN,0.671622326551904,0.6727429425863907,0.6716058292285225,0.6717733519931435,0.328377673448096,
multiclass,1,lda_reduction,KNN,0.3208137715179969,0.30888365276867463,0.3207730093511392,0.31083531348863513,0.6791862284820032,
multiclass,1,lda_reduction,SVM,0.34507042253521125,0.34197060676518953,0.3450236757091649,0.335386737908592,0.6549295774647887,
multiclass,1,lda_reduction,DecisionTree,0.3174230568596766,0.31923785615230016,0.31739951865632265,0.3164426445647239,0.6825769431403235,
multiclass,1,lda_reduction,LogisticRegression,0.2566510172143975,0.26145083277564174,0.25664536817344713,0.2568719991182594,0.7433489827856026,
multiclass,1,lda_reduction,LDA_Classifier,0.260302556077204,0.27307502418602747,0.26030003982829575,0.26213237573741777,0.739697443922796,
multiclass,1,lda_reduction,MLP_ANN,0.34324465310380803,0.3372253814429212,0.34321846671273587,0.3385153316649486,0.656755346896192,
multiclass,1,svd,KNN,0.5031298904538342,0.5887091153154829,0.5030712041421428,0.5113196911049341,0.49687010954616584,
multiclass,1,svd,SVM,0.5505998956703182,0.5980892613076081,0.55067895329877,0.5315691539054377,0.4494001043296818,
multiclass,1,svd,DecisionTree,0.5036515388628064,0.5007496153793062,0.5036243749170244,0.47635311874694264,0.49634846113719355,
multiclass,1,svd,LogisticRegression,0.2681272822117893,0.2656094478747125,0.268140767494664,0.2559102534985655,0.7318727177882107,
multiclass,1,svd,LDA_Classifier,0.27021387584767864,0.2677870781262283,0.27022885951504794,0.2575667244662987,0.7297861241523214,
multiclass,1,svd,MLP_ANN,0.662754303599374,0.6649675991946967,0.6627367145400512,0.6637556422132189,0.33724569640062596,
multiclass,1,filter_kbest,KNN,0.44992175273865415,0.5078756728132697,0.44985992013916076,0.4514422233576208,0.5500782472613459,
multiclass,1,filter_kbest,SVM,0.47235263432446534,0.5020254361322192,0.47243881931229803,0.44647097085392173,0.5276473656755347,
multiclass,1,filter_kbest,DecisionTree,0.3967136150234742,0.41557471924583106,0.3968164596389582,0.3631832348042865,0.6032863849765258,
multiclass,1,filter_kbest,LogisticRegression,0.25508607198748046,0.2493058184644182,0.2550852563818887,0.23940720397536705,0.7449139280125195,
multiclass,1,filter_kbest,LDA_Classifier,0.25952008346374544,0.2575534086756128,0.2595174308366325,0.24692855687410703,0.7404799165362546,
multiclass,1,filter_kbest,MLP_ANN,0.5787689097548252,0.5818625955098076,0.5787483702737941,0.5797588901507164,0.4212310902451748,
multiclass,1,wrapper_sfs,KNN,0.4337506520605112,0.4708932774368339,0.4337046102103411,0.4406825519642966,0.5662493479394888,
multiclass,1,wrapper_sfs,SVM,0.4494001043296818,0.45725397668580187,0.449493635982993,0.41618788482308594,0.5505998956703182,
multiclass,1,wrapper_sfs,DecisionTree,0.39723526343244653,0.4003051716528606,0.39731380271717487,0.36427358718049885,0.6027647365675535,
multiclass,1,wrapper_sfs,LogisticRegression,0.23708920187793428,0.22722872245972373,0.2371107805324737,0.22588608061528456,0.7629107981220657,
multiclass,1,wrapper_sfs,LDA_Classifier,0.23761085028690662,0.2275989441441614,0.23763161209282377,0.22608260993256182,0.7623891497130934,
multiclass,1,wrapper_sfs,MLP_ANN,0.5263432446531038,0.5322627065525593,0.5263173123729834,0.5288774427268353,0.4736567553468962,
multiclass,1,embedded_l1,KNN,0.45122587376108503,0.5495052999610763,0.45113306395334984,0.444103181686078,0.548774126238915,
multiclass,1,embedded_l1,SVM,0.5438184663536776,0.5911216162545021,0.5439050792991582,0.5242186959071592,0.4561815336463224,
multiclass,1,embedded_l1,DecisionTree,0.4209702660406886,0.45085983899664506,0.42106133897964676,0.39404526688382785,0.5790297339593113,
multiclass,1,embedded_l1,LogisticRegression,0.2537819509650496,0.25589320733761317,0.25377977335316804,0.25057563247312553,0.7462180490349504,
multiclass,1,embedded_l1,LDA_Classifier,0.26291079812206575,0.2709570956497412,0.2629086229962453,0.2616056019161275,0.7370892018779343,
multiclass,1,embedded_l1,MLP_ANN,0.6637976004173187,0.6642439245371543,0.6637882496315032,0.6639353542911344,0.3362023995826813,
multiclass,1,ga_selection,KNN,0.47235263432446534,0.5504075538582741,0.47228120819305497,0.4768437563828389,0.5276473656755347,
multiclass,1,ga_selection,SVM,0.5219092331768388,0.568242843150886,0.5219937295965087,0.4977150019453248,0.4780907668231612,
multiclass,1,ga_selection,DecisionTree,0.41001564945226915,0.43908382397699974,0.41012421662507953,0.37792243942332265,0.5899843505477309,
multiclass,1,ga_selection,LogisticRegression,0.24700052164840897,0.23280929187006133,0.2470079418302634,0.22481679541134342,0.752999478351591,
multiclass,1,ga_selection,LDA_Classifier,0.2519561815336463,0.2384929536966785,0.25196605403712546,0.23084135742641218,0.7480438184663537,
multiclass,1,ga_selection,MLP_ANN,0.6338028169014085,0.6360180241472024,0.6338012874411512,0.6340348140202252,0.3661971830985915,
multiclass,2,original,KNN,0.44951734933472476,0.5665115865613564,0.4496097167425219,0.4415954139977509,0.5504826506652752,
multiclass,2,original,SVM,0.5473519436472737,0.5966061176698465,0.5473796725909839,0.5306472169412115,0.4526480563527263,
multiclass,2,original,DecisionTree,0.40281763631620143,0.4384000393248305,0.40281555414095127,0.3511050468342435,0.5971823636837985,
multiclass,2,original,LogisticRegression,0.2629793895121315,0.2705723959012391,0.2629715993613856,0.26290175853277775,0.7370206104878685,
multiclass,2,original,LDA_Classifier,0.2598486824941299,0.27310723797681796,0.2598336743134725,0.26117313011605764,0.74015131750587,
multiclass,2,original,MLP_ANN,0.6689277328463344,0.6700234261487626,0.6689468649684608,0.6692253541661337,0.33107226715366556,
multiclass,2,pca,KNN,0.47351943647273675,0.5716637944915386,0.47360030773315726,0.4750011430013673,0.5264805635272632,
multiclass,2,pca,SVM,0.5515262196712758,0.5985463631595215,0.5515555162189671,0.5354690046710427,0.4484737803287242,
multiclass,2,pca,DecisionTree,0.5254369945212627,0.5230235484192245,0.5255442349392874,0.5100505720008883,0.4745630054787373,
multiclass,2,pca,LogisticRegression,0.25045656144012524,0.25135222786488,0.25046074870387836,0.24305579262873875,0.7495434385598747,
multiclass,2,pca,LDA_Classifier,0.2528045917036264,0.25659166818828144,0.25280789485329913,0.24618330300847088,0.7471954082963737,
multiclass,2,pca,MLP_ANN,0.672058439864336,0.6728032905510212,0.672093640748772,0.6722639282937983,0.327941560135664,
multiclass,2,lda_reduction,KNN,0.32768066788416383,0.3174522885500373,0.3277453440041394,0.3191835834659538,0.6723193321158362,
multiclass,2,lda_reduction,SVM,0.33733368118966867,0.33868375462404604,0.3374164712129929,0.3329975723326398,0.6626663188103313,
multiclass,2,lda_reduction,DecisionTree,0.3177667623271589,0.331248497354399,0.3178120989511882,0.3212682773804042,0.682233237672841,
multiclass,2,lda_reduction,LogisticRegression,0.2501956691886251,0.255956085462394,0.25018467393561433,0.2502320559096266,0.7498043308113749,
multiclass,2,lda_reduction,LDA_Classifier,0.2598486824941299,0.27310723797681796,0.2598336743134725,0.26117313011605764,0.74015131750587,
multiclass,2,lda_reduction,MLP_ANN,0.36029219932168016,0.355902015830181,0.36032999615333555,0.3562696734493665,0.6397078006783199,
multiclass,2,svd,KNN,0.48525958779024264,0.575902406204469,0.4853326343524157,0.49120546059250286,0.5147404122097574,
multiclass,2,svd,SVM,0.5523088964257762,0.5994919954399951,0.5523425505768295,0.536404886990551,0.4476911035742238,
multiclass,2,svd,DecisionTree,0.495956170101748,0.49600478984185853,0.49609240164623625,0.4725638233966703,0.504043829898252,
multiclass,2,svd,LogisticRegression,0.24654317766762326,0.24598853863958894,0.246544640030501,0.2377679823204572,0.7534568223323768,
multiclass,2,svd,LDA_Classifier,0.24967388468562485,0.25032955664639506,0.2496771184738614,0.24112284164301792,0.7503261153143752,
multiclass,2,svd,MLP_ANN,0.681972345421341,0.680943540359517,0.6820081630985734,0.68133022294531,0.318027654578659,
multiclass,2,filter_kbest,KNN,0.4469084268197235,0.5010960455820678,0.446989559539898,0.4513941713975901,0.5530915731802766,
multiclass,2,filter_kbest,SVM,0.4643882076702322,0.4845742794390689,0.4644115454400006,0.4369967305989326,0.5356117923297679,
multiclass,2,filter_kbest,DecisionTree,0.40229585181320116,0.4330682595695583,0.402317189824381,0.36964197460651804,0.5977041481867988,
multiclass,2,filter_kbest,LogisticRegression,0.2666318810331333,0.26306125480571735,0.2666473766088759,0.2606427741484493,0.7333681189668667,
multiclass,2,filter_kbest,LDA_Classifier,0.2650665275241325,0.2617206948626553,0.2650801161488421,0.2600846804454502,0.7349334724758675,
multiclass,2,filter_kbest,MLP_ANN,0.5757891990607878,0.5760480157665129,0.5758259265184963,0.57555990344037,0.42421080093921215,
multiclass,2,wrapper_sfs,KNN,0.44612575006522304,0.4713498330367548,0.4461906107345768,0.45271717057085265,0.553874249934777,
multiclass,2,wrapper_sfs,SVM,0.4701278372032351,0.4850379946867059,0.4701682660393994,0.43937960034858586,0.5298721627967649,
multiclass,2,wrapper_sfs,DecisionTree,0.40386120532220193,0.39179479514300153,0.40385687684886695,0.33510153461111775,0.5961387946777981,
multiclass,2,wrapper_sfs,LogisticRegression,0.2530654839551265,0.2512737242616364,0.2531054156269893,0.24695818727181287,0.7469345160448735,
multiclass,2,wrapper_sfs,LDA_Classifier,0.2546308374641273,0.25285048659218373,0.25466961237196223,0.2484258645842794,0.7453691625358727,
multiclass,2,wrapper_sfs,MLP_ANN,0.49047743282024525,0.4948415377001079,0.4905300567468112,0.49171938158139705,0.5095225671797547,
multiclass,2,embedded_l1,KNN,0.45734411687972865,0.5592650329122699,0.45743172170574037,0.4513224047049924,0.5426558831202714,
multiclass,2,embedded_l1,SVM,0.5426558831202714,0.5956237439471375,0.5426867419432804,0.5264837806629462,0.45734411687972865,
multiclass,2,embedded_l1,DecisionTree,0.4286459692147143,0.4702255743638057,0.4286467570576081,0.39860031211724295,0.5713540307852857,
multiclass,2,embedded_l1,LogisticRegression,0.2648056352726324,0.27304939289724967,0.2647979139504563,0.2630375204668155,0.7351943647273675,
multiclass,2,embedded_l1,LDA_Classifier,0.26871901904513434,0.27956924099271135,0.2687041506530819,0.26746917521487845,0.7312809809548657,
multiclass,2,embedded_l1,MLP_ANN,0.6660579180798331,0.6680126476596241,0.6660894400550106,0.6668023006222898,0.33394208192016694,
multiclass,2,ga_selection,KNN,0.46804069919123403,0.5483919508045417,0.4681196619020224,0.47060156415104604,0.531959300808766,
multiclass,2,ga_selection,SVM,0.5270023480302635,0.5703456653500262,0.5270246901392629,0.5082435295155103,0.47299765196973653,
multiclass,2,ga_selection,DecisionTree,0.4069919123402035,0.42855351478575476,0.4070012697396864,0.36462176250306,0.5930080876597965,
multiclass,2,ga_selection,LogisticRegression,0.23193321158361596,0.2322220940705982,0.23193820827134984,0.2140447641536598,0.7680667884163841,
multiclass,2,ga_selection,LDA_Classifier,0.23349856509261674,0.23397470699822662,0.2335047879058146,0.21624555454523545,0.7665014349073833,
multiclass,2,ga_selection,MLP_ANN,0.6269240803548135,0.6355609977266579,0.6269705645065206,0.6294718051308704,0.3730759196451865,
multiclass,3,original,KNN,0.47169319071223587,0.5631748105545232,0.4716929749013654,0.45808890831927435,0.5283068092877641,
multiclass,3,original,SVM,0.5463083746412731,0.5937698039870203,0.5461940148624221,0.5281875423171685,0.45369162535872687,
multiclass,3,original,DecisionTree,0.42525436994521265,0.4577164351403984,0.42514152661517357,0.3954886575880978,0.5747456300547873,
multiclass,3,original,LogisticRegression,0.24706496217062354,0.24562010590431704,0.24705628044566846,0.2426846390469203,0.7529350378293764,
multiclass,3,original,LDA_Classifier,0.2582833289851291,0.2637316396977309,0.25827730706254404,0.2577929917486865,0.7417166710148708,
multiclass,3,original,MLP_ANN,0.6788416384033394,0.6821092636032856,0.6788331330571451,0.6801656181409569,0.32115836159666056,
multiclass,3,pca,KNN,0.4902165405687451,0.5812089082227069,0.49021211120604846,0.48721220946383703,0.5097834594312549,
multiclass,3,pca,SVM,0.5460474823897731,0.5888450671799526,0.5459315566055399,0.5271029920365959,0.4539525176102269,
multiclass,3,pca,DecisionTree,0.5116097051917559,0.5158830326867614,0.5114787190947743,0.4889922613748393,0.48839029480824414,
multiclass,3,pca,LogisticRegression,0.2577615444821289,0.2449365478863701,0.2577513693104258,0.23981260707728175,0.7422384555178712,
multiclass,3,pca,LDA_Classifier,0.2603704669971302,0.24784800743327265,0.2603582504144526,0.24268694447651518,0.7396295330028698,
multiclass,3,pca,MLP_ANN,0.6689277328463344,0.6699508008334353,0.6689015900681167,0.6692985363859829,0.33107226715366556,
multiclass,3,lda_reduction,KNN,0.3287242368901644,0.3188977039557213,0.32869815938807395,0.32061146172141924,0.6712757631098356,
multiclass,3,lda_reduction,SVM,0.35663970780067833,0.356924050960776,0.35660519946487107,0.3498393860502734,0.6433602921993217,
multiclass,3,lda_reduction,DecisionTree,0.32168014609966084,0.3359454816718321,0.3216495722713362,0.3269078999932748,0.6783198539003392,
multiclass,3,lda_reduction,LogisticRegression,0.2501956691886251,0.2501752185012805,0.25018739723789063,0.24797684003145096,0.7498043308113749,
multiclass,3,lda_reduction,LDA_Classifier,0.2582833289851291,0.2637316396977309,0.25827730706254404,0.2577929917486865,0.7417166710148708,
multiclass,3,lda_reduction,MLP_ANN,0.34516044873467255,0.34799765219806506,0.3451339694513567,0.3457894276588861,0.6548395512653274,
multiclass,3,svd,KNN,0.5048265066527524,0.5859868039849709,0.5048243299825368,0.5089514674199037,0.4951734933472476,
multiclass,3,svd,SVM,0.542134098617271,0.5843803429232131,0.542018171234439,0.5232529749921272,0.457865901382729,
multiclass,3,svd,DecisionTree,0.4936081398382468,0.49104133957265156,0.49353828452381354,0.466011619066596,0.5063918601617532,
multiclass,3,svd,LogisticRegression,0.24523871641012263,0.23529836645438862,0.24523200833330497,0.2288900094075615,0.7547612835898774,
multiclass,3,svd,LDA_Classifier,0.2468040699191234,0.23569204449476397,0.24679722631663153,0.2298651455847173,0.7531959300808766,
multiclass,3,svd,MLP_ANN,0.6691886250978346,0.671491060564465,0.6691674524528444,0.6702625260746338,0.3308113749021654,
multiclass,3,filter_kbest,KNN,0.4542134098617271,0.49696988828970523,0.45419950231650896,0.4569208381302444,0.5457865901382729,
multiclass,3,filter_kbest,SVM,0.46569266892773287,0.4997055681620058,0.46556656601795343,0.4316085694750801,0.5343073310722671,
multiclass,3,filter_kbest,DecisionTree,0.4106444038612053,0.4408169067494077,0.41052249958299436,0.37367494333007806,0.5893555961387946,
multiclass,3,filter_kbest,LogisticRegression,0.23088964257761543,0.22376972077198878,0.23087816286028442,0.21408285649637668,0.7691103574223845,
multiclass,3,filter_kbest,LDA_Classifier,0.23584659535611793,0.2242498862044536,0.23583082846259376,0.21769227194560803,0.764153404643882,
multiclass,3,filter_kbest,MLP_ANN,0.5635272632402818,0.5649572834807991,0.5634774527592159,0.5631816744119431,0.4364727367597182,
multiclass,3,wrapper_sfs,KNN,0.47273675971823637,0.5042784255260748,0.47272782976637473,0.47945329704337214,0.5272632402817636,
multiclass,3,wrapper_sfs,SVM,0.4865640490477433,0.5278782409497057,0.48644510333230073,0.45637516243696813,0.5134359509522567,
multiclass,3,wrapper_sfs,DecisionTree,0.40203495956170104,0.42132205657910504,0.4019103965468528,0.3535969652085926,0.597965040438299,
multiclass,3,wrapper_sfs,LogisticRegression,0.23402034959561702,0.23783554781587718,0.23403787432640816,0.20962085823664167,0.765979650404383,
multiclass,3,wrapper_sfs,LDA_Classifier,0.23375945734411688,0.23790202099325114,0.23377575648231047,0.21011172428704644,0.7662405426558832,
multiclass,3,wrapper_sfs,MLP_ANN,0.5309157318027654,0.5419808106794071,0.5308812265753453,0.5351568972864765,0.4690842681972346,
multiclass,3,embedded_l1,KNN,0.46047482389773026,0.5450867000373325,0.4604702462205671,0.4492490908627536,0.5395251761022697,
multiclass,3,embedded_l1,SVM,0.5442212366292721,0.591314220154731,0.5441117098593755,0.5250452190106458,0.45577876337072787,
multiclass,3,embedded_l1,DecisionTree,0.41586224889120793,0.4376820998071606,0.4157750688484857,0.374196419884134,0.5841377511087921,
multiclass,3,embedded_l1,LogisticRegression,0.25150013044612574,0.24905176855845318,0.2514979864583794,0.24359930273088834,0.7484998695538743,
multiclass,3,embedded_l1,LDA_Classifier,0.25593529872162796,0.2564573308850252,0.2559349266921068,0.25110916651067117,0.7440647012783721,
multiclass,3,embedded_l1,MLP_ANN,0.6561440125228281,0.6585058493008368,0.6561361106477716,0.6564634483264291,0.34385598747717194,
multiclass,3,ga_selection,KNN,0.5009131228802505,0.5723716378666248,0.5009150295648503,0.5004795285412992,0.49908687711974953,
multiclass,3,ga_selection,SVM,0.5330028698147665,0.5824810568910667,0.5328927257192071,0.5137144899607918,0.4669971301852335,
multiclass,3,ga_selection,DecisionTree,0.40907905035220454,0.4202813406176298,0.4089708981110495,0.3556959085338451,0.5909209496477954,
multiclass,3,ga_selection,LogisticRegression,0.24367336290112185,0.23957186156265528,0.24367802397186827,0.22534449318765465,0.7563266370988782,
multiclass,3,ga_selection,LDA_Classifier,0.24628228541612315,0.24258279981963898,0.24628422425032598,0.22887392863632985,0.7537177145838768,
multiclass,3,ga_selection,MLP_ANN,0.6344899556483172,0.6374968245475074,0.6344749643417609,0.635869050618932,0.3655100443516828,
